"";"rank";"A23187";"ActinomycinD";"Alsterpaullone";"Amanitin";"Anisomycin";"Aphidicolin";"Apicidin";"Apicularen";"ArchazolidB";"ArgyrinA";"Bortezomib";"Camptothecin";"CCCP";"Cerulenin";"Chelerythrine";"ChondramidC";"Colchicine";"CruentarenA";"Cycloheximide";"CyclosporinA";"Cytochalasin";"Doxorubicin";"Emetine";"EpothiloneB";"Etoposide";"GephyronicAcidA";"Griseofulvin";"H89";"Indirubin3monoxime";"LY294002";"Methotrexate";"Mevastatin";"MG132";"Myriaporone";"MyxothiazolA";"Neopeltolide";"Nocodazol";"OkadaicAcid";"Oligomycin";"Oxamflatin";"PD169316";"Podophyllotoxin";"Puromycin";"PurvalanolA";"Rapamycin";"RatjadonC";"Rhizopodin";"SaframycinMx1";"SB202190";"SB203580";"Scriptaid";"Simvastatin";"Soraphen";"Staurosporine";"Taxol";"Trichostatin";"TubulysinB";"Vinblastin";"Vioprolide";"Wortmannin"
"2";"1";"Scriptaid";"TubulysinB";"Rapamycin";"Rapamycin";"Neopeltolide";"Apicidin";"Aphidicolin";"Cerulenin";"Staurosporine";"Camptothecin";"MG132";"ArgyrinA";"Oligomycin";"Apicularen";"Cerulenin";"Rhizopodin";"Podophyllotoxin";"Oligomycin";"Myriaporone";"Puromycin";"Cycloheximide";"Oligomycin";"SaframycinMx1";"Vinblastin";"Neopeltolide";"Neopeltolide";"Taxol";"LY294002";"Griseofulvin";"H89";"Etoposide";"Simvastatin";"Bortezomib";"Neopeltolide";"Oligomycin";"GephyronicAcidA";"Vinblastin";"Camptothecin";"CruentarenA";"SB202190";"Etoposide";"Colchicine";"CyclosporinA";"Puromycin";"Vioprolide";"Soraphen";"ChondramidC";"Emetine";"SB203580";"SB202190";"Trichostatin";"Mevastatin";"RatjadonC";"Mevastatin";"Griseofulvin";"OkadaicAcid";"ActinomycinD";"Taxol";"Rapamycin";"SaframycinMx1"
"3";"2";"Indirubin3monoxime";"Taxol";"Amanitin";"Apicidin";"Myriaporone";"Rapamycin";"Rapamycin";"Chelerythrine";"Mevastatin";"OkadaicAcid";"Vioprolide";"OkadaicAcid";"MyxothiazolA";"Chelerythrine";"Apicularen";"Apicidin";"Emetine";"Doxorubicin";"Anisomycin";"Trichostatin";"ChondramidC";"CruentarenA";"Taxol";"Nocodazol";"Aphidicolin";"Etoposide";"TubulysinB";"CCCP";"ArgyrinA";"Neopeltolide";"RatjadonC";"Staurosporine";"Vioprolide";"Cycloheximide";"Doxorubicin";"Etoposide";"Taxol";"ArgyrinA";"Doxorubicin";"ActinomycinD";"Vioprolide";"EpothiloneB";"PurvalanolA";"Scriptaid";"Aphidicolin";"Doxorubicin";"Amanitin";"ActinomycinD";"Soraphen";"Soraphen";"Oxamflatin";"Staurosporine";"Doxorubicin";"ArchazolidB";"TubulysinB";"Camptothecin";"Taxol";"Nocodazol";"Aphidicolin";"EpothiloneB"
"4";"3";"MyxothiazolA";"SaframycinMx1";"Apicidin";"Alsterpaullone";"Aphidicolin";"Vioprolide";"Amanitin";"Simvastatin";"Simvastatin";"Trichostatin";"Emetine";"Soraphen";"CruentarenA";"Simvastatin";"Simvastatin";"Cytochalasin";"SaframycinMx1";"MyxothiazolA";"Aphidicolin";"PurvalanolA";"Myriaporone";"Soraphen";"ActinomycinD";"Emetine";"Methotrexate";"CruentarenA";"Vinblastin";"Oligomycin";"A23187";"Etoposide";"Soraphen";"Trichostatin";"Oligomycin";"GephyronicAcidA";"CruentarenA";"Myriaporone";"Griseofulvin";"Trichostatin";"MyxothiazolA";"Soraphen";"SB203580";"Apicidin";"CCCP";"Doxorubicin";"SaframycinMx1";"SB203580";"Apicidin";"TubulysinB";"Oxamflatin";"RatjadonC";"MyxothiazolA";"Trichostatin";"SB203580";"Simvastatin";"ActinomycinD";"ArgyrinA";"Griseofulvin";"Griseofulvin";"Bortezomib";"Taxol"
"5";"4";"Oxamflatin";"Griseofulvin";"Aphidicolin";"Vioprolide";"Etoposide";"Etoposide";"Alsterpaullone";"Mevastatin";"ArgyrinA";"Griseofulvin";"Rapamycin";"Doxorubicin";"Doxorubicin";"Staurosporine";"Staurosporine";"Cycloheximide";"Nocodazol";"Soraphen";"Apicidin";"Simvastatin";"Anisomycin";"MyxothiazolA";"Soraphen";"Taxol";"GephyronicAcidA";"Myriaporone";"ActinomycinD";"Vinblastin";"Scriptaid";"Vinblastin";"Doxorubicin";"ArchazolidB";"CruentarenA";"Anisomycin";"Soraphen";"CruentarenA";"TubulysinB";"Doxorubicin";"Soraphen";"SB203580";"Emetine";"Emetine";"Scriptaid";"MyxothiazolA";"Apicidin";"MyxothiazolA";"Podophyllotoxin";"Rapamycin";"RatjadonC";"TubulysinB";"A23187";"ArchazolidB";"SB202190";"ArgyrinA";"Vinblastin";"Scriptaid";"SaframycinMx1";"TubulysinB";"SaframycinMx1";"ActinomycinD"
"6";"5";"Oligomycin";"Emetine";"Vioprolide";"Aphidicolin";"PD169316";"Emetine";"Vioprolide";"Staurosporine";"TubulysinB";"Soraphen";"Oligomycin";"Trichostatin";"Scriptaid";"Mevastatin";"Mevastatin";"Aphidicolin";"Apicidin";"GephyronicAcidA";"Neopeltolide";"Mevastatin";"Apicidin";"RatjadonC";"TubulysinB";"SaframycinMx1";"Emetine";"Oligomycin";"Soraphen";"Neopeltolide";"Taxol";"EpothiloneB";"Emetine";"ArgyrinA";"PD169316";"Etoposide";"RatjadonC";"Oligomycin";"ActinomycinD";"Soraphen";"RatjadonC";"Emetine";"Rapamycin";"Aphidicolin";"Trichostatin";"CCCP";"Amanitin";"SB202190";"Wortmannin";"Taxol";"ActinomycinD";"Emetine";"Doxorubicin";"CyclosporinA";"MyxothiazolA";"Trichostatin";"Emetine";"Mevastatin";"Emetine";"ActinomycinD";"Emetine";"TubulysinB"
"7";"6";"CCCP";"SB202190";"SaframycinMx1";"SaframycinMx1";"Apicidin";"SaframycinMx1";"Colchicine";"CyclosporinA";"ActinomycinD";"Doxorubicin";"PD169316";"RatjadonC";"PurvalanolA";"ArchazolidB";"ArchazolidB";"Amanitin";"EpothiloneB";"RatjadonC";"Etoposide";"Scriptaid";"Aphidicolin";"Camptothecin";"SB202190";"TubulysinB";"PD169316";"Doxorubicin";"Nocodazol";"CruentarenA";"Nocodazol";"GephyronicAcidA";"Neopeltolide";"OkadaicAcid";"Neopeltolide";"Aphidicolin";"SB202190";"Anisomycin";"EpothiloneB";"RatjadonC";"CCCP";"MyxothiazolA";"SB202190";"Vinblastin";"CruentarenA";"CruentarenA";"Emetine";"Oligomycin";"Aphidicolin";"SB202190";"Emetine";"ActinomycinD";"Camptothecin";"ArgyrinA";"Oligomycin";"Camptothecin";"Nocodazol";"CyclosporinA";"Soraphen";"Emetine";"PD169316";"Vinblastin"
"8";"7";"CruentarenA";"Soraphen";"PD169316";"Colchicine";"Cycloheximide";"Alsterpaullone";"SaframycinMx1";"Trichostatin";"Taxol";"Taxol";"SB202190";"MyxothiazolA";"Soraphen";"CyclosporinA";"Trichostatin";"Anisomycin";"ActinomycinD";"Neopeltolide";"Vioprolide";"OkadaicAcid";"Neopeltolide";"SB203580";"RatjadonC";"Wortmannin";"Vioprolide";"PD169316";"Emetine";"MG132";"Camptothecin";"Methotrexate";"Oligomycin";"Camptothecin";"GephyronicAcidA";"Vioprolide";"Oxamflatin";"PD169316";"Emetine";"Mevastatin";"Neopeltolide";"TubulysinB";"Neopeltolide";"Nocodazol";"MyxothiazolA";"CyclosporinA";"Alsterpaullone";"Emetine";"Colchicine";"Vioprolide";"TubulysinB";"Oxamflatin";"Oligomycin";"Scriptaid";"Emetine";"Indirubin3monoxime";"Soraphen";"Simvastatin";"SB202190";"EpothiloneB";"Etoposide";"Emetine"
"9";"8";"Doxorubicin";"Oxamflatin";"Emetine";"Emetine";"Rapamycin";"Anisomycin";"Etoposide";"ArchazolidB";"Griseofulvin";"TubulysinB";"Neopeltolide";"Griseofulvin";"A23187";"Trichostatin";"CyclosporinA";"Alsterpaullone";"Aphidicolin";"CCCP";"GephyronicAcidA";"Camptothecin";"Etoposide";"SB202190";"Griseofulvin";"Colchicine";"Oligomycin";"Methotrexate";"RatjadonC";"Griseofulvin";"TubulysinB";"Doxorubicin";"SB203580";"Scriptaid";"MyxothiazolA";"Bortezomib";"CCCP";"Doxorubicin";"Colchicine";"MyxothiazolA";"GephyronicAcidA";"Taxol";"Bortezomib";"SaframycinMx1";"Doxorubicin";"Oligomycin";"Etoposide";"Taxol";"Rapamycin";"Colchicine";"SaframycinMx1";"Doxorubicin";"CruentarenA";"OkadaicAcid";"Taxol";"OkadaicAcid";"SaframycinMx1";"MyxothiazolA";"Nocodazol";"SaframycinMx1";"MG132";"RatjadonC"
"10";"9";"SB203580";"SB203580";"Bortezomib";"EpothiloneB";"GephyronicAcidA";"Amanitin";"Anisomycin";"OkadaicAcid";"Camptothecin";"MyxothiazolA";"CruentarenA";"SB203580";"Puromycin";"ArgyrinA";"OkadaicAcid";"EpothiloneB";"Taxol";"Etoposide";"Rapamycin";"ArgyrinA";"Alsterpaullone";"Emetine";"SB203580";"ActinomycinD";"Rapamycin";"MG132";"MyxothiazolA";"Etoposide";"Vinblastin";"Myriaporone";"CruentarenA";"CyclosporinA";"Doxorubicin";"MG132";"SB203580";"Methotrexate";"SaframycinMx1";"Scriptaid";"Emetine";"SaframycinMx1";"Oligomycin";"Taxol";"Oligomycin";"Camptothecin";"PD169316";"TubulysinB";"EpothiloneB";"SB203580";"MyxothiazolA";"MyxothiazolA";"CCCP";"Camptothecin";"Griseofulvin";"Griseofulvin";"RatjadonC";"Doxorubicin";"SB203580";"Soraphen";"Amanitin";"Rapamycin"
"11";"10";"Trichostatin";"Vinblastin";"Anisomycin";"Bortezomib";"Vioprolide";"PD169316";"Emetine";"ArgyrinA";"Nocodazol";"RatjadonC";"RatjadonC";"Scriptaid";"Neopeltolide";"OkadaicAcid";"ArgyrinA";"Rapamycin";"Vinblastin";"SB202190";"Bortezomib";"CCCP";"GephyronicAcidA";"Griseofulvin";"Etoposide";"Aphidicolin";"CruentarenA";"Bortezomib";"SB203580";"MyxothiazolA";"ActinomycinD";"Oligomycin";"GephyronicAcidA";"PurvalanolA";"Etoposide";"PD169316";"Emetine";"Bortezomib";"Soraphen";"Oligomycin";"SB202190";"Griseofulvin";"MG132";"Etoposide";"OkadaicAcid";"ArgyrinA";"Bortezomib";"Griseofulvin";"Alsterpaullone";"Aphidicolin";"Taxol";"SaframycinMx1";"ArgyrinA";"PurvalanolA";"TubulysinB";"TubulysinB";"SB202190";"Staurosporine";"Vinblastin";"RatjadonC";"Apicidin";"Aphidicolin"
"12";"11";"SB202190";"Nocodazol";"SB202190";"Wortmannin";"Alsterpaullone";"Colchicine";"EpothiloneB";"Camptothecin";"Trichostatin";"Scriptaid";"Soraphen";"Oligomycin";"Trichostatin";"Camptothecin";"Camptothecin";"Podophyllotoxin";"Rapamycin";"SB203580";"Alsterpaullone";"A23187";"Rapamycin";"Methotrexate";"Rapamycin";"Rapamycin";"Doxorubicin";"Anisomycin";"SB202190";"Doxorubicin";"Oxamflatin";"Anisomycin";"Aphidicolin";"Indirubin3monoxime";"Emetine";"Rapamycin";"Griseofulvin";"MG132";"RatjadonC";"SB203580";"SB203580";"Scriptaid";"GephyronicAcidA";"Rapamycin";"Camptothecin";"Trichostatin";"Colchicine";"CruentarenA";"SaframycinMx1";"Soraphen";"Doxorubicin";"Taxol";"PurvalanolA";"Oxamflatin";"CruentarenA";"ActinomycinD";"SB203580";"PurvalanolA";"RatjadonC";"Colchicine";"Alsterpaullone";"Soraphen"
"13";"12";"Camptothecin";"RatjadonC";"Etoposide";"ActinomycinD";"Bortezomib";"EpothiloneB";"Podophyllotoxin";"Puromycin";"Oxamflatin";"Mevastatin";"MyxothiazolA";"SB202190";"Camptothecin";"Indirubin3monoxime";"Scriptaid";"Wortmannin";"TubulysinB";"Emetine";"MG132";"MyxothiazolA";"Vioprolide";"Scriptaid";"Vinblastin";"RatjadonC";"Myriaporone";"Soraphen";"ArgyrinA";"Nocodazol";"Soraphen";"Griseofulvin";"SB202190";"Oxamflatin";"SB202190";"Methotrexate";"Camptothecin";"Emetine";"Oxamflatin";"Methotrexate";"Etoposide";"Oligomycin";"Aphidicolin";"ActinomycinD";"A23187";"Soraphen";"EpothiloneB";"Methotrexate";"Vioprolide";"Vinblastin";"Oligomycin";"Griseofulvin";"Soraphen";"Indirubin3monoxime";"ActinomycinD";"Scriptaid";"EpothiloneB";"CCCP";"Oxamflatin";"Rapamycin";"SB202190";"Vioprolide"
"14";"13";"PD169316";"Colchicine";"SB203580";"Vinblastin";"Emetine";"Neopeltolide";"PD169316";"Scriptaid";"Indirubin3monoxime";"ActinomycinD";"Etoposide";"Taxol";"GephyronicAcidA";"PurvalanolA";"Indirubin3monoxime";"Myriaporone";"Amanitin";"MG132";"PD169316";"Staurosporine";"Amanitin";"Etoposide";"Oxamflatin";"Griseofulvin";"Soraphen";"MyxothiazolA";"Oxamflatin";"Emetine";"MyxothiazolA";"CruentarenA";"Camptothecin";"Griseofulvin";"Oxamflatin";"Apicidin";"Scriptaid";"Aphidicolin";"Wortmannin";"CruentarenA";"Oxamflatin";"Doxorubicin";"Soraphen";"TubulysinB";"ArgyrinA";"RatjadonC";"Vinblastin";"Camptothecin";"Nocodazol";"Oxamflatin";"Griseofulvin";"Oligomycin";"SB202190";"MyxothiazolA";"Camptothecin";"Taxol";"Oxamflatin";"Soraphen";"EpothiloneB";"Wortmannin";"Soraphen";"Griseofulvin"
"15";"14";"Soraphen";"EpothiloneB";"Colchicine";"PD169316";"MG132";"Methotrexate";"Bortezomib";"PurvalanolA";"OkadaicAcid";"Indirubin3monoxime";"SaframycinMx1";"TubulysinB";"RatjadonC";"Puromycin";"PurvalanolA";"Vioprolide";"Griseofulvin";"Scriptaid";"Amanitin";"Doxorubicin";"LY294002";"Oxamflatin";"Colchicine";"Soraphen";"Anisomycin";"RatjadonC";"Doxorubicin";"Taxol";"Staurosporine";"RatjadonC";"MyxothiazolA";"MyxothiazolA";"Soraphen";"CruentarenA";"Taxol";"MyxothiazolA";"Rapamycin";"Griseofulvin";"Bortezomib";"CruentarenA";"Anisomycin";"Wortmannin";"Simvastatin";"Griseofulvin";"SB202190";"ActinomycinD";"Vinblastin";"EpothiloneB";"CruentarenA";"PD169316";"SB203580";"Apicularen";"Oxamflatin";"Oxamflatin";"MyxothiazolA";"Oligomycin";"MyxothiazolA";"Vioprolide";"SB203580";"Nocodazol"
"16";"15";"ArgyrinA";"MyxothiazolA";"ActinomycinD";"Etoposide";"Methotrexate";"Bortezomib";"Wortmannin";"Indirubin3monoxime";"SB202190";"Staurosporine";"Aphidicolin";"CruentarenA";"Oxamflatin";"Scriptaid";"TubulysinB";"Etoposide";"Etoposide";"Bortezomib";"Methotrexate";"CruentarenA";"Methotrexate";"Taxol";"Aphidicolin";"Apicidin";"RatjadonC";"Vioprolide";"SaframycinMx1";"Colchicine";"Doxorubicin";"Emetine";"SaframycinMx1";"TubulysinB";"Rapamycin";"Oligomycin";"TubulysinB";"Vioprolide";"Indirubin3monoxime";"TubulysinB";"MG132";"RatjadonC";"CruentarenA";"Griseofulvin";"Mevastatin";"OkadaicAcid";"ActinomycinD";"SaframycinMx1";"Cycloheximide";"Griseofulvin";"PD169316";"Camptothecin";"Griseofulvin";"Griseofulvin";"SaframycinMx1";"CyclosporinA";"Doxorubicin";"Oxamflatin";"Camptothecin";"SB203580";"RatjadonC";"SB202190"
"17";"16";"PurvalanolA";"Wortmannin";"EpothiloneB";"Anisomycin";"Amanitin";"Myriaporone";"Myriaporone";"A23187";"Soraphen";"SB203580";"SB203580";"ActinomycinD";"MG132";"Griseofulvin";"Puromycin";"Colchicine";"Vioprolide";"Methotrexate";"Emetine";"Oligomycin";"Bortezomib";"Neopeltolide";"Vioprolide";"Etoposide";"SaframycinMx1";"Emetine";"Camptothecin";"GephyronicAcidA";"SB203580";"Taxol";"EpothiloneB";"ActinomycinD";"Myriaporone";"Emetine";"ActinomycinD";"Soraphen";"SB202190";"CyclosporinA";"Scriptaid";"Camptothecin";"Doxorubicin";"Amanitin";"Soraphen";"Oxamflatin";"Taxol";"Etoposide";"Emetine";"Wortmannin";"Bortezomib";"CruentarenA";"Indirubin3monoxime";"Puromycin";"Methotrexate";"Soraphen";"Camptothecin";"CruentarenA";"ArgyrinA";"SB202190";"Neopeltolide";"Methotrexate"
"18";"17";"Griseofulvin";"Camptothecin";"MG132";"Taxol";"EpothiloneB";"Vinblastin";"Cycloheximide";"Griseofulvin";"Vinblastin";"SB202190";"Doxorubicin";"Oxamflatin";"Griseofulvin";"TubulysinB";"ActinomycinD";"SaframycinMx1";"Oxamflatin";"Oxamflatin";"EpothiloneB";"Soraphen";"Rhizopodin";"CCCP";"MyxothiazolA";"Methotrexate";"Apicidin";"Aphidicolin";"Oligomycin";"Podophyllotoxin";"SB202190";"Aphidicolin";"Taxol";"Soraphen";"SB203580";"Doxorubicin";"ArgyrinA";"RatjadonC";"SB203580";"SB202190";"Camptothecin";"Bortezomib";"SaframycinMx1";"Methotrexate";"RatjadonC";"SB203580";"SB203580";"Vinblastin";"Anisomycin";"RatjadonC";"Camptothecin";"Methotrexate";"OkadaicAcid";"A23187";"ArgyrinA";"Nocodazol";"ArgyrinA";"A23187";"Wortmannin";"Aphidicolin";"Vinblastin";"SB203580"
"19";"18";"Emetine";"Rapamycin";"TubulysinB";"TubulysinB";"SaframycinMx1";"Wortmannin";"Neopeltolide";"MyxothiazolA";"SB203580";"Oligomycin";"GephyronicAcidA";"Methotrexate";"ArgyrinA";"A23187";"Griseofulvin";"Methotrexate";"Soraphen";"PD169316";"SaframycinMx1";"Indirubin3monoxime";"EpothiloneB";"GephyronicAcidA";"EpothiloneB";"Vioprolide";"Bortezomib";"SB203580";"Indirubin3monoxime";"PD169316";"Emetine";"Soraphen";"PD169316";"Taxol";"RatjadonC";"Alsterpaullone";"Bortezomib";"Rapamycin";"Podophyllotoxin";"Taxol";"PD169316";"PD169316";"RatjadonC";"Vioprolide";"Oxamflatin";"SB202190";"Anisomycin";"Oxamflatin";"ActinomycinD";"Nocodazol";"Vioprolide";"Etoposide";"Mevastatin";"TubulysinB";"Etoposide";"MyxothiazolA";"Colchicine";"Puromycin";"Doxorubicin";"Etoposide";"Taxol";"Colchicine"
"20";"19";"CyclosporinA";"Doxorubicin";"Neopeltolide";"SB202190";"Oligomycin";"Soraphen";"Methotrexate";"TubulysinB";"SaframycinMx1";"Oxamflatin";"Oxamflatin";"Emetine";"Emetine";"MyxothiazolA";"Taxol";"Emetine";"SB202190";"Camptothecin";"LY294002";"Oxamflatin";"PD169316";"ArgyrinA";"Oligomycin";"Podophyllotoxin";"SB203580";"SB202190";"EpothiloneB";"Bortezomib";"Oligomycin";"Nocodazol";"TubulysinB";"SB202190";"Aphidicolin";"RatjadonC";"MG132";"SB203580";"MyxothiazolA";"Simvastatin";"Methotrexate";"MG132";"MyxothiazolA";"Soraphen";"GephyronicAcidA";"Indirubin3monoxime";"Wortmannin";"Bortezomib";"Etoposide";"Amanitin";"Rapamycin";"Vioprolide";"RatjadonC";"ActinomycinD";"Vinblastin";"SB202190";"Wortmannin";"RatjadonC";"Colchicine";"Doxorubicin";"Anisomycin";"Apicidin"
"21";"20";"TubulysinB";"ArgyrinA";"Myriaporone";"Nocodazol";"Colchicine";"Taxol";"Vinblastin";"CCCP";"Scriptaid";"CruentarenA";"Myriaporone";"PurvalanolA";"Bortezomib";"Taxol";"Oxamflatin";"Vinblastin";"Wortmannin";"Griseofulvin";"CruentarenA";"RatjadonC";"Podophyllotoxin";"PD169316";"Doxorubicin";"SB203580";"SB202190";"CCCP";"CruentarenA";"Indirubin3monoxime";"PD169316";"MyxothiazolA";"ActinomycinD";"Doxorubicin";"SaframycinMx1";"Soraphen";"Neopeltolide";"SB202190";"ArgyrinA";"Staurosporine";"Griseofulvin";"ArgyrinA";"Alsterpaullone";"Oxamflatin";"SB203580";"A23187";"TubulysinB";"ArgyrinA";"Taxol";"Apicidin";"Etoposide";"Bortezomib";"CyclosporinA";"Soraphen";"PD169316";"SB203580";"Oligomycin";"Griseofulvin";"Rapamycin";"PD169316";"Myriaporone";"Amanitin"
"22";"21";"ActinomycinD";"Vioprolide";"Soraphen";"Podophyllotoxin";"CruentarenA";"SB202190";"ActinomycinD";"Oxamflatin";"RatjadonC";"PurvalanolA";"Taxol";"Mevastatin";"SB202190";"ActinomycinD";"MyxothiazolA";"Neopeltolide";"PD169316";"Taxol";"Oligomycin";"SB203580";"MG132";"TubulysinB";"PD169316";"SB202190";"MyxothiazolA";"Rapamycin";"PD169316";"Anisomycin";"Trichostatin";"Podophyllotoxin";"Griseofulvin";"SB203580";"CCCP";"LY294002";"PurvalanolA";"CCCP";"Vioprolide";"PurvalanolA";"Taxol";"Vioprolide";"Oxamflatin";"Anisomycin";"SB202190";"MG132";"Soraphen";"EpothiloneB";"TubulysinB";"Etoposide";"Methotrexate";"Rapamycin";"ActinomycinD";"SB202190";"Bortezomib";"PurvalanolA";"Rapamycin";"SB203580";"Oligomycin";"Oxamflatin";"ActinomycinD";"Etoposide"
"23";"22";"Taxol";"Oligomycin";"Oxamflatin";"MG132";"Vinblastin";"ActinomycinD";"Taxol";"Soraphen";"MyxothiazolA";"ArchazolidB";"Alsterpaullone";"Indirubin3monoxime";"Etoposide";"Oxamflatin";"Nocodazol";"PD169316";"SB203580";"PurvalanolA";"RatjadonC";"SB202190";"Emetine";"ActinomycinD";"Bortezomib";"Amanitin";"MG132";"Cycloheximide";"Colchicine";"Soraphen";"PurvalanolA";"PD169316";"Rapamycin";"A23187";"Griseofulvin";"SaframycinMx1";"SaframycinMx1";"Apicidin";"Doxorubicin";"ActinomycinD";"TubulysinB";"Vinblastin";"Griseofulvin";"RatjadonC";"MG132";"Mevastatin";"RatjadonC";"Wortmannin";"Methotrexate";"Bortezomib";"Vinblastin";"ArgyrinA";"Taxol";"Doxorubicin";"Vioprolide";"RatjadonC";"Vioprolide";"SB202190";"Vioprolide";"MyxothiazolA";"EpothiloneB";"Bortezomib"
"24";"23";"RatjadonC";"PD169316";"Methotrexate";"SB203580";"Doxorubicin";"SB203580";"TubulysinB";"ActinomycinD";"Emetine";"Vinblastin";"Griseofulvin";"Vinblastin";"CyclosporinA";"CCCP";"Soraphen";"LY294002";"Alsterpaullone";"Vioprolide";"Colchicine";"Griseofulvin";"Colchicine";"Bortezomib";"Nocodazol";"PD169316";"Taxol";"Oxamflatin";"Scriptaid";"Scriptaid";"RatjadonC";"CCCP";"Vioprolide";"RatjadonC";"Anisomycin";"MyxothiazolA";"Etoposide";"SaframycinMx1";"Aphidicolin";"Oxamflatin";"ActinomycinD";"Colchicine";"Taxol";"LY294002";"Indirubin3monoxime";"Simvastatin";"MG132";"Vioprolide";"Myriaporone";"Alsterpaullone";"Scriptaid";"Vinblastin";"Emetine";"Taxol";"Scriptaid";"Doxorubicin";"Etoposide";"Indirubin3monoxime";"Methotrexate";"Oligomycin";"Wortmannin";"Oxamflatin"
"25";"24";"OkadaicAcid";"Aphidicolin";"RatjadonC";"Oxamflatin";"Soraphen";"RatjadonC";"SB202190";"Doxorubicin";"Wortmannin";"Emetine";"ActinomycinD";"CCCP";"Taxol";"Soraphen";"RatjadonC";"Nocodazol";"RatjadonC";"TubulysinB";"Wortmannin";"ArchazolidB";"Wortmannin";"PurvalanolA";"Methotrexate";"MyxothiazolA";"EpothiloneB";"SaframycinMx1";"Wortmannin";"Vioprolide";"Mevastatin";"Vioprolide";"Vinblastin";"Puromycin";"Taxol";"SB203580";"PD169316";"Cycloheximide";"Camptothecin";"CCCP";"PurvalanolA";"Rapamycin";"Methotrexate";"Neopeltolide";"Griseofulvin";"Taxol";"Griseofulvin";"PD169316";"Bortezomib";"PD169316";"MG132";"Scriptaid";"TubulysinB";"SB203580";"EpothiloneB";"Vinblastin";"CruentarenA";"TubulysinB";"PD169316";"ArgyrinA";"Oligomycin";"Podophyllotoxin"
"26";"25";"Neopeltolide";"Etoposide";"Taxol";"Griseofulvin";"RatjadonC";"GephyronicAcidA";"SB203580";"Taxol";"EpothiloneB";"Nocodazol";"TubulysinB";"Staurosporine";"H89";"Nocodazol";"SB202190";"GephyronicAcidA";"Methotrexate";"ArgyrinA";"Soraphen";"Taxol";"SaframycinMx1";"MG132";"CruentarenA";"Doxorubicin";"Vinblastin";"LY294002";"Rapamycin";"Oxamflatin";"ArchazolidB";"Rapamycin";"Wortmannin";"Apicularen";"ActinomycinD";"SB202190";"Methotrexate";"LY294002";"PD169316";"Emetine";"SaframycinMx1";"Etoposide";"Vinblastin";"PD169316";"Neopeltolide";"Bortezomib";"Neopeltolide";"Neopeltolide";"Griseofulvin";"MyxothiazolA";"ArgyrinA";"Aphidicolin";"Puromycin";"RatjadonC";"Neopeltolide";"A23187";"PD169316";"Taxol";"CruentarenA";"Podophyllotoxin";"Oxamflatin";"Doxorubicin"
"27";"26";"GephyronicAcidA";"Methotrexate";"Wortmannin";"Soraphen";"SB203580";"Podophyllotoxin";"Soraphen";"RatjadonC";"Doxorubicin";"Simvastatin";"Anisomycin";"SaframycinMx1";"SB203580";"Doxorubicin";"A23187";"Bortezomib";"MyxothiazolA";"ActinomycinD";"Doxorubicin";"TubulysinB";"CruentarenA";"OkadaicAcid";"Neopeltolide";"Bortezomib";"Colchicine";"Camptothecin";"Etoposide";"RatjadonC";"CruentarenA";"Bortezomib";"Myriaporone";"Oligomycin";"Vinblastin";"EpothiloneB";"GephyronicAcidA";"Taxol";"Oligomycin";"ArchazolidB";"Vioprolide";"Nocodazol";"ActinomycinD";"Doxorubicin";"Staurosporine";"GephyronicAcidA";"Oxamflatin";"Rapamycin";"PD169316";"Methotrexate";"Aphidicolin";"MG132";"Simvastatin";"CCCP";"Rapamycin";"Emetine";"Methotrexate";"ActinomycinD";"Etoposide";"Methotrexate";"TubulysinB";"Camptothecin"
"28";"27";"Puromycin";"CruentarenA";"Cycloheximide";"RatjadonC";"LY294002";"TubulysinB";"Nocodazol";"SB203580";"Colchicine";"Methotrexate";"Apicidin";"Etoposide";"PD169316";"RatjadonC";"SB203580";"Taxol";"Bortezomib";"SaframycinMx1";"Podophyllotoxin";"Apicularen";"Oligomycin";"SaframycinMx1";"Apicidin";"Oligomycin";"Griseofulvin";"Griseofulvin";"Vioprolide";"Aphidicolin";"CCCP";"Colchicine";"OkadaicAcid";"CCCP";"Scriptaid";"Amanitin";"Trichostatin";"EpothiloneB";"Etoposide";"Indirubin3monoxime";"ArgyrinA";"A23187";"TubulysinB";"SB202190";"Bortezomib";"TubulysinB";"Methotrexate";"OkadaicAcid";"SB202190";"Doxorubicin";"Alsterpaullone";"Neopeltolide";"PD169316";"Oligomycin";"Nocodazol";"SaframycinMx1";"Aphidicolin";"ArchazolidB";"Aphidicolin";"Camptothecin";"Colchicine";"MyxothiazolA"
"29";"28";"Mevastatin";"Bortezomib";"GephyronicAcidA";"Cycloheximide";"SB202190";"Cycloheximide";"RatjadonC";"SB202190";"Oligomycin";"CCCP";"Vinblastin";"A23187";"OkadaicAcid";"SB202190";"Doxorubicin";"TubulysinB";"Oligomycin";"A23187";"Vinblastin";"ActinomycinD";"RatjadonC";"Vinblastin";"Wortmannin";"Neopeltolide";"ActinomycinD";"Apicidin";"Methotrexate";"Myriaporone";"SaframycinMx1";"MG132";"Apicidin";"CruentarenA";"Alsterpaullone";"Vinblastin";"Vinblastin";"Griseofulvin";"ArchazolidB";"Puromycin";"Vinblastin";"Indirubin3monoxime";"Myriaporone";"SB203580";"Taxol";"Emetine";"Nocodazol";"GephyronicAcidA";"RatjadonC";"Oligomycin";"Wortmannin";"EpothiloneB";"MG132";"CruentarenA";"OkadaicAcid";"Apicularen";"Indirubin3monoxime";"Emetine";"Bortezomib";"Indirubin3monoxime";"GephyronicAcidA";"Alsterpaullone"
"30";"29";"MG132";"ArchazolidB";"Vinblastin";"Myriaporone";"Taxol";"MG132";"MG132";"Oligomycin";"A23187";"A23187";"Amanitin";"Nocodazol";"Methotrexate";"SB203580";"CCCP";"ActinomycinD";"Anisomycin";"Myriaporone";"SB202190";"Emetine";"Vinblastin";"Trichostatin";"MG132";"Anisomycin";"Oxamflatin";"Taxol";"Bortezomib";"EpothiloneB";"OkadaicAcid";"Wortmannin";"ArgyrinA";"Nocodazol";"TubulysinB";"Wortmannin";"OkadaicAcid";"Oxamflatin";"Amanitin";"A23187";"A23187";"CCCP";"Apicidin";"Oligomycin";"Methotrexate";"ActinomycinD";"Myriaporone";"Nocodazol";"Soraphen";"CruentarenA";"EpothiloneB";"GephyronicAcidA";"Staurosporine";"Nocodazol";"GephyronicAcidA";"Oligomycin";"Bortezomib";"Methotrexate";"ArchazolidB";"Bortezomib";"Griseofulvin";"Oligomycin"
"31";"30";"Etoposide";"Indirubin3monoxime";"Oligomycin";"Neopeltolide";"MyxothiazolA";"Oligomycin";"GephyronicAcidA";"Nocodazol";"PurvalanolA";"SaframycinMx1";"Methotrexate";"Simvastatin";"Indirubin3monoxime";"Vinblastin";"Vinblastin";"RatjadonC";"Doxorubicin";"OkadaicAcid";"SB203580";"Methotrexate";"Doxorubicin";"Vioprolide";"Camptothecin";"Oxamflatin";"TubulysinB";"Scriptaid";"Aphidicolin";"PurvalanolA";"Simvastatin";"Camptothecin";"Bortezomib";"Emetine";"PurvalanolA";"Taxol";"A23187";"Vinblastin";"Apicidin";"Vinblastin";"Aphidicolin";"Trichostatin";"Colchicine";"MyxothiazolA";"PD169316";"PD169316";"Oligomycin";"Aphidicolin";"SB203580";"MG132";"Nocodazol";"Alsterpaullone";"Etoposide";"Emetine";"MG132";"CCCP";"Scriptaid";"Vinblastin";"Indirubin3monoxime";"Apicidin";"CruentarenA";"ArgyrinA"
"32";"31";"SaframycinMx1";"Scriptaid";"CruentarenA";"Methotrexate";"Podophyllotoxin";"Griseofulvin";"Oxamflatin";"CruentarenA";"CyclosporinA";"CyclosporinA";"EpothiloneB";"ArchazolidB";"TubulysinB";"Oligomycin";"Wortmannin";"SB203580";"Neopeltolide";"Trichostatin";"MyxothiazolA";"GephyronicAcidA";"Soraphen";"A23187";"Alsterpaullone";"Alsterpaullone";"Alsterpaullone";"Alsterpaullone";"MG132";"Rapamycin";"Colchicine";"TubulysinB";"Oxamflatin";"Vinblastin";"Methotrexate";"Colchicine";"Vioprolide";"Alsterpaullone";"Bortezomib";"SaframycinMx1";"Rapamycin";"Methotrexate";"EpothiloneB";"Alsterpaullone";"Emetine";"Staurosporine";"Doxorubicin";"MG132";"Oxamflatin";"Podophyllotoxin";"Neopeltolide";"Nocodazol";"SaframycinMx1";"Cerulenin";"Wortmannin";"CruentarenA";"Podophyllotoxin";"SaframycinMx1";"Scriptaid";"CruentarenA";"Doxorubicin";"PD169316"
"33";"32";"Methotrexate";"Amanitin";"Griseofulvin";"Oligomycin";"Griseofulvin";"Doxorubicin";"Griseofulvin";"Vinblastin";"CruentarenA";"EpothiloneB";"Wortmannin";"PD169316";"ActinomycinD";"CruentarenA";"Oligomycin";"SB202190";"CruentarenA";"Vinblastin";"Cytochalasin";"MG132";"SB203580";"EpothiloneB";"Amanitin";"CruentarenA";"Wortmannin";"Vinblastin";"OkadaicAcid";"ActinomycinD";"EpothiloneB";"SaframycinMx1";"Anisomycin";"SaframycinMx1";"Apicidin";"Griseofulvin";"Nocodazol";"Colchicine";"Methotrexate";"Etoposide";"OkadaicAcid";"Aphidicolin";"Amanitin";"Bortezomib";"TubulysinB";"Neopeltolide";"GephyronicAcidA";"Scriptaid";"LY294002";"Neopeltolide";"GephyronicAcidA";"Wortmannin";"Methotrexate";"SaframycinMx1";"Aphidicolin";"Wortmannin";"MG132";"Nocodazol";"OkadaicAcid";"Amanitin";"Methotrexate";"CruentarenA"
"34";"33";"Simvastatin";"Apicidin";"MyxothiazolA";"MyxothiazolA";"TubulysinB";"CruentarenA";"Oligomycin";"Emetine";"Methotrexate";"Etoposide";"Colchicine";"CyclosporinA";"Vinblastin";"Emetine";"SaframycinMx1";"Soraphen";"MG132";"Aphidicolin";"Taxol";"Bortezomib";"SB202190";"Aphidicolin";"GephyronicAcidA";"Camptothecin";"Camptothecin";"EpothiloneB";"PurvalanolA";"SaframycinMx1";"Etoposide";"Apicidin";"Colchicine";"Methotrexate";"Amanitin";"Oxamflatin";"EpothiloneB";"TubulysinB";"CruentarenA";"Nocodazol";"Trichostatin";"Neopeltolide";"Nocodazol";"H89";"Etoposide";"Vinblastin";"CruentarenA";"CCCP";"Neopeltolide";"Camptothecin";"Colchicine";"OkadaicAcid";"GephyronicAcidA";"Vinblastin";"CCCP";"EpothiloneB";"ArchazolidB";"Etoposide";"Amanitin";"LY294002";"MyxothiazolA";"Neopeltolide"
"35";"34";"Bortezomib";"Podophyllotoxin";"Doxorubicin";"Doxorubicin";"ActinomycinD";"Oxamflatin";"CruentarenA";"SaframycinMx1";"CCCP";"Wortmannin";"CCCP";"EpothiloneB";"SaframycinMx1";"SaframycinMx1";"Emetine";"Griseofulvin";"Camptothecin";"Rapamycin";"ActinomycinD";"Neopeltolide";"H89";"Rapamycin";"Podophyllotoxin";"ArgyrinA";"LY294002";"TubulysinB";"ArchazolidB";"TubulysinB";"Methotrexate";"ArgyrinA";"Podophyllotoxin";"Wortmannin";"Colchicine";"CCCP";"Indirubin3monoxime";"ActinomycinD";"Scriptaid";"EpothiloneB";"Myriaporone";"EpothiloneB";"A23187";"CruentarenA";"ActinomycinD";"Methotrexate";"MyxothiazolA";"PurvalanolA";"Cytochalasin";"ArgyrinA";"A23187";"A23187";"Bortezomib";"Methotrexate";"PurvalanolA";"Puromycin";"Neopeltolide";"GephyronicAcidA";"Apicidin";"Neopeltolide";"Nocodazol";"MG132"
"36";"35";"Nocodazol";"Alsterpaullone";"Nocodazol";"GephyronicAcidA";"Nocodazol";"Nocodazol";"Doxorubicin";"Methotrexate";"Rapamycin";"PD169316";"Nocodazol";"Wortmannin";"LY294002";"Wortmannin";"CruentarenA";"MG132";"ArgyrinA";"Anisomycin";"TubulysinB";"PD169316";"Taxol";"Indirubin3monoxime";"ArgyrinA";"LY294002";"Podophyllotoxin";"ActinomycinD";"CCCP";"ArgyrinA";"MG132";"Cycloheximide";"Alsterpaullone";"Cerulenin";"EpothiloneB";"ActinomycinD";"Rapamycin";"Camptothecin";"MG132";"Wortmannin";"EpothiloneB";"PurvalanolA";"Scriptaid";"Camptothecin";"H89";"Etoposide";"Podophyllotoxin";"Colchicine";"MG132";"Anisomycin";"OkadaicAcid";"Colchicine";"Neopeltolide";"Bortezomib";"Colchicine";"Colchicine";"OkadaicAcid";"Neopeltolide";"Podophyllotoxin";"MG132";"Cycloheximide";"OkadaicAcid"
"37";"36";"Staurosporine";"OkadaicAcid";"Podophyllotoxin";"CruentarenA";"Oxamflatin";"MyxothiazolA";"MyxothiazolA";"Wortmannin";"Podophyllotoxin";"Colchicine";"Cycloheximide";"GephyronicAcidA";"Nocodazol";"EpothiloneB";"EpothiloneB";"Oligomycin";"GephyronicAcidA";"EpothiloneB";"Griseofulvin";"Vinblastin";"MyxothiazolA";"Nocodazol";"Anisomycin";"GephyronicAcidA";"Cycloheximide";"PurvalanolA";"Neopeltolide";"Methotrexate";"Rapamycin";"ActinomycinD";"Nocodazol";"EpothiloneB";"Camptothecin";"TubulysinB";"Colchicine";"Scriptaid";"Staurosporine";"GephyronicAcidA";"Nocodazol";"Wortmannin";"Camptothecin";"ArgyrinA";"Vinblastin";"SaframycinMx1";"Cycloheximide";"Trichostatin";"Oligomycin";"GephyronicAcidA";"Indirubin3monoxime";"Indirubin3monoxime";"Vinblastin";"Wortmannin";"Trichostatin";"Cerulenin";"Apicidin";"PD169316";"Staurosporine";"Anisomycin";"Podophyllotoxin";"Myriaporone"
"38";"37";"Vinblastin";"MG132";"Camptothecin";"Camptothecin";"Wortmannin";"LY294002";"LY294002";"EpothiloneB";"PD169316";"Puromycin";"Scriptaid";"Neopeltolide";"Vioprolide";"Methotrexate";"Colchicine";"Doxorubicin";"Indirubin3monoxime";"Puromycin";"Oxamflatin";"Etoposide";"ActinomycinD";"Myriaporone";"Scriptaid";"MG132";"Amanitin";"A23187";"Trichostatin";"Camptothecin";"CyclosporinA";"SB203580";"MG132";"PD169316";"Nocodazol";"Podophyllotoxin";"Aphidicolin";"Nocodazol";"Neopeltolide";"Neopeltolide";"Colchicine";"OkadaicAcid";"Indirubin3monoxime";"GephyronicAcidA";"SaframycinMx1";"Nocodazol";"Camptothecin";"Indirubin3monoxime";"GephyronicAcidA";"Scriptaid";"Apicidin";"PurvalanolA";"Nocodazol";"MG132";"Indirubin3monoxime";"Methotrexate";"Amanitin";"Bortezomib";"Alsterpaullone";"Scriptaid";"Camptothecin";"GephyronicAcidA"
"39";"38";"Colchicine";"Staurosporine";"A23187";"Indirubin3monoxime";"H89";"Camptothecin";"Camptothecin";"Colchicine";"Vioprolide";"Neopeltolide";"Camptothecin";"Bortezomib";"Colchicine";"Colchicine";"Methotrexate";"CruentarenA";"Scriptaid";"Indirubin3monoxime";"H89";"Nocodazol";"TubulysinB";"Wortmannin";"CCCP";"Myriaporone";"Nocodazol";"Colchicine";"Staurosporine";"A23187";"Vioprolide";"SB202190";"LY294002";"Bortezomib";"Cycloheximide";"H89";"Wortmannin";"A23187";"LY294002";"PD169316";"Indirubin3monoxime";"GephyronicAcidA";"CCCP";"Myriaporone";"ArchazolidB";"Vioprolide";"LY294002";"Apicidin";"Doxorubicin";"Myriaporone";"PurvalanolA";"Trichostatin";"ArchazolidB";"PD169316";"A23187";"PD169316";"CCCP";"MG132";"MG132";"Alsterpaullone";"Scriptaid";"ArchazolidB"
"40";"39";"Vioprolide";"Trichostatin";"Scriptaid";"LY294002";"CCCP";"ArgyrinA";"H89";"PD169316";"Bortezomib";"Bortezomib";"PurvalanolA";"Puromycin";"Mevastatin";"H89";"Bortezomib";"Oxamflatin";"Myriaporone";"Nocodazol";"Nocodazol";"SaframycinMx1";"Nocodazol";"Colchicine";"Myriaporone";"Indirubin3monoxime";"CCCP";"ArgyrinA";"A23187";"Apicidin";"Bortezomib";"Indirubin3monoxime";"Scriptaid";"Colchicine";"A23187";"Camptothecin";"Puromycin";"H89";"Alsterpaullone";"Bortezomib";"Anisomycin";"Alsterpaullone";"Wortmannin";"MG132";"LY294002";"H89";"ArgyrinA";"Myriaporone";"MyxothiazolA";"Indirubin3monoxime";"Amanitin";"Apicidin";"Vioprolide";"EpothiloneB";"Apicidin";"Bortezomib";"Trichostatin";"EpothiloneB";"Neopeltolide";"GephyronicAcidA";"LY294002";"Anisomycin"
"41";"40";"Rapamycin";"Neopeltolide";"ArgyrinA";"ArgyrinA";"A23187";"Scriptaid";"CCCP";"Bortezomib";"Apicularen";"GephyronicAcidA";"ArgyrinA";"Vioprolide";"Myriaporone";"Bortezomib";"Podophyllotoxin";"MyxothiazolA";"H89";"Colchicine";"CCCP";"H89";"Griseofulvin";"LY294002";"Indirubin3monoxime";"OkadaicAcid";"Scriptaid";"Wortmannin";"Podophyllotoxin";"SB202190";"H89";"PurvalanolA";"CCCP";"MG132";"Wortmannin";"Nocodazol";"Mevastatin";"Wortmannin";"CCCP";"Colchicine";"Wortmannin";"ArchazolidB";"ArgyrinA";"Indirubin3monoxime";"Vioprolide";"ArchazolidB";"Scriptaid";"Alsterpaullone";"ArchazolidB";"ArchazolidB";"CCCP";"CCCP";"Colchicine";"Colchicine";"Alsterpaullone";"Rapamycin";"Staurosporine";"Colchicine";"Trichostatin";"ArchazolidB";"CCCP";"LY294002"
"42";"41";"ArchazolidB";"A23187";"Indirubin3monoxime";"Scriptaid";"Camptothecin";"CCCP";"ArgyrinA";"MG132";"Etoposide";"Vioprolide";"A23187";"Colchicine";"EpothiloneB";"PD169316";"MG132";"Camptothecin";"CCCP";"LY294002";"ChondramidC";"Cerulenin";"Oxamflatin";"Anisomycin";"A23187";"CCCP";"ArgyrinA";"OkadaicAcid";"GephyronicAcidA";"SB203580";"Neopeltolide";"Oxamflatin";"Trichostatin";"Etoposide";"H89";"Scriptaid";"CyclosporinA";"Podophyllotoxin";"OkadaicAcid";"Vioprolide";"LY294002";"Mevastatin";"PurvalanolA";"Cycloheximide";"Nocodazol";"LY294002";"Indirubin3monoxime";"Anisomycin";"CruentarenA";"OkadaicAcid";"Trichostatin";"Amanitin";"Rapamycin";"Chelerythrine";"Myriaporone";"Etoposide";"GephyronicAcidA";"Wortmannin";"A23187";"H89";"ArgyrinA";"Scriptaid"
"43";"42";"Anisomycin";"Mevastatin";"CCCP";"Rhizopodin";"Scriptaid";"H89";"Scriptaid";"Etoposide";"Aphidicolin";"Rapamycin";"LY294002";"MG132";"Aphidicolin";"MG132";"PD169316";"H89";"LY294002";"Wortmannin";"Camptothecin";"Vioprolide";"CCCP";"Puromycin";"OkadaicAcid";"ArchazolidB";"A23187";"H89";"Mevastatin";"Trichostatin";"GephyronicAcidA";"OkadaicAcid";"Cycloheximide";"Vioprolide";"ArgyrinA";"PurvalanolA";"Myriaporone";"PurvalanolA";"Anisomycin";"MG132";"Puromycin";"Amanitin";"Cycloheximide";"CCCP";"Myriaporone";"Rapamycin";"CCCP";"A23187";"H89";"CCCP";"Anisomycin";"Anisomycin";"Aphidicolin";"Etoposide";"Anisomycin";"MG132";"Alsterpaullone";"Vioprolide";"Mevastatin";"CCCP";"Indirubin3monoxime";"Cycloheximide"
"44";"43";"EpothiloneB";"CCCP";"LY294002";"H89";"Indirubin3monoxime";"Indirubin3monoxime";"Indirubin3monoxime";"H89";"Amanitin";"MG132";"Podophyllotoxin";"Rapamycin";"Anisomycin";"Etoposide";"Etoposide";"ArgyrinA";"ArchazolidB";"Apicidin";"Scriptaid";"EpothiloneB";"Camptothecin";"CyclosporinA";"LY294002";"Cycloheximide";"H89";"Nocodazol";"Apicidin";"Wortmannin";"Aphidicolin";"Scriptaid";"Amanitin";"Rapamycin";"Indirubin3monoxime";"ArgyrinA";"Anisomycin";"Amanitin";"H89";"Aphidicolin";"Apicidin";"Staurosporine";"LY294002";"Scriptaid";"EpothiloneB";"EpothiloneB";"A23187";"LY294002";"Camptothecin";"A23187";"Myriaporone";"Myriaporone";"EpothiloneB";"Vioprolide";"Mevastatin";"Vioprolide";"PurvalanolA";"Rapamycin";"CCCP";"OkadaicAcid";"PurvalanolA";"Indirubin3monoxime"
"45";"44";"Aphidicolin";"GephyronicAcidA";"OkadaicAcid";"CCCP";"ArgyrinA";"A23187";"A23187";"GephyronicAcidA";"MG132";"Aphidicolin";"H89";"Aphidicolin";"Simvastatin";"Podophyllotoxin";"Vioprolide";"OkadaicAcid";"A23187";"Alsterpaullone";"PurvalanolA";"Wortmannin";"A23187";"Apicidin";"Trichostatin";"Scriptaid";"OkadaicAcid";"Amanitin";"LY294002";"Amanitin";"LY294002";"Amanitin";"A23187";"Neopeltolide";"LY294002";"A23187";"Staurosporine";"ArgyrinA";"A23187";"Rapamycin";"Alsterpaullone";"Apicidin";"Podophyllotoxin";"OkadaicAcid";"Rapamycin";"Wortmannin";"H89";"Amanitin";"ArgyrinA";"Trichostatin";"ArchazolidB";"ArchazolidB";"H89";"Neopeltolide";"Amanitin";"Podophyllotoxin";"A23187";"Apicularen";"GephyronicAcidA";"Myriaporone";"H89";"Trichostatin"
"46";"45";"Alsterpaullone";"PurvalanolA";"PurvalanolA";"ArchazolidB";"PurvalanolA";"OkadaicAcid";"ChondramidC";"Neopeltolide";"Alsterpaullone";"LY294002";"Indirubin3monoxime";"LY294002";"Rapamycin";"LY294002";"Rapamycin";"Indirubin3monoxime";"Cycloheximide";"CyclosporinA";"ArgyrinA";"LY294002";"Scriptaid";"Mevastatin";"PurvalanolA";"H89";"Indirubin3monoxime";"Podophyllotoxin";"Amanitin";"Cycloheximide";"Puromycin";"Trichostatin";"PurvalanolA";"GephyronicAcidA";"Podophyllotoxin";"OkadaicAcid";"Apicidin";"OkadaicAcid";"Trichostatin";"LY294002";"H89";"Simvastatin";"H89";"ArchazolidB";"Apicularen";"Myriaporone";"OkadaicAcid";"Podophyllotoxin";"Indirubin3monoxime";"LY294002";"Mevastatin";"Mevastatin";"Wortmannin";"GephyronicAcidA";"Podophyllotoxin";"Aphidicolin";"LY294002";"Aphidicolin";"PurvalanolA";"PurvalanolA";"A23187";"Staurosporine"
"47";"46";"H89";"Anisomycin";"ArchazolidB";"A23187";"OkadaicAcid";"PurvalanolA";"OkadaicAcid";"Podophyllotoxin";"Apicidin";"Podophyllotoxin";"OkadaicAcid";"Podophyllotoxin";"Staurosporine";"Vioprolide";"H89";"CCCP";"OkadaicAcid";"H89";"A23187";"Colchicine";"ArgyrinA";"Alsterpaullone";"ArchazolidB";"Trichostatin";"PurvalanolA";"Trichostatin";"Alsterpaullone";"Puromycin";"Wortmannin";"A23187";"Indirubin3monoxime";"Chelerythrine";"Puromycin";"Indirubin3monoxime";"Alsterpaullone";"Indirubin3monoxime";"GephyronicAcidA";"Podophyllotoxin";"CyclosporinA";"Podophyllotoxin";"OkadaicAcid";"Trichostatin";"Wortmannin";"Aphidicolin";"PurvalanolA";"ArchazolidB";"OkadaicAcid";"Cycloheximide";"Staurosporine";"Staurosporine";"Podophyllotoxin";"Rapamycin";"ArchazolidB";"Chelerythrine";"Mevastatin";"Podophyllotoxin";"Anisomycin";"Staurosporine";"OkadaicAcid";"CCCP"
"48";"47";"Apicidin";"Simvastatin";"Trichostatin";"ChondramidC";"Trichostatin";"Trichostatin";"Rhizopodin";"LY294002";"Puromycin";"H89";"Trichostatin";"Apicidin";"Podophyllotoxin";"Rapamycin";"LY294002";"ArchazolidB";"Trichostatin";"Mevastatin";"OkadaicAcid";"Rapamycin";"OkadaicAcid";"H89";"H89";"A23187";"Trichostatin";"Indirubin3monoxime";"H89";"OkadaicAcid";"Podophyllotoxin";"Alsterpaullone";"H89";"Aphidicolin";"Trichostatin";"Trichostatin";"Simvastatin";"Trichostatin";"Mevastatin";"Myriaporone";"Podophyllotoxin";"Anisomycin";"Trichostatin";"A23187";"Aphidicolin";"Colchicine";"ArchazolidB";"Mevastatin";"Scriptaid";"PurvalanolA";"Podophyllotoxin";"Podophyllotoxin";"Myriaporone";"Aphidicolin";"LY294002";"Neopeltolide";"Anisomycin";"H89";"Simvastatin";"A23187";"Trichostatin";"PurvalanolA"
"49";"48";"Myriaporone";"Myriaporone";"H89";"OkadaicAcid";"ChondramidC";"ArchazolidB";"ArchazolidB";"Vioprolide";"Cerulenin";"Apicidin";"Puromycin";"Alsterpaullone";"Wortmannin";"Neopeltolide";"Neopeltolide";"A23187";"Staurosporine";"Podophyllotoxin";"Indirubin3monoxime";"Aphidicolin";"PurvalanolA";"Podophyllotoxin";"Cycloheximide";"Staurosporine";"Puromycin";"Puromycin";"Anisomycin";"Alsterpaullone";"Anisomycin";"Puromycin";"Mevastatin";"Podophyllotoxin";"OkadaicAcid";"Puromycin";"LY294002";"Puromycin";"PurvalanolA";"Apicidin";"Mevastatin";"Myriaporone";"Puromycin";"Staurosporine";"Colchicine";"Anisomycin";"Trichostatin";"Staurosporine";"Staurosporine";"Staurosporine";"Simvastatin";"Simvastatin";"Alsterpaullone";"H89";"Staurosporine";"GephyronicAcidA";"Myriaporone";"LY294002";"LY294002";"Trichostatin";"ArchazolidB";"Mevastatin"
"50";"49";"Podophyllotoxin";"LY294002";"ChondramidC";"PurvalanolA";"Cytochalasin";"ChondramidC";"Trichostatin";"Rapamycin";"Neopeltolide";"Alsterpaullone";"ArchazolidB";"Myriaporone";"Apicidin";"GephyronicAcidA";"Aphidicolin";"Scriptaid";"PurvalanolA";"Amanitin";"Rhizopodin";"Myriaporone";"Indirubin3monoxime";"Staurosporine";"Staurosporine";"PurvalanolA";"ArchazolidB";"CyclosporinA";"Simvastatin";"Staurosporine";"Alsterpaullone";"Staurosporine";"ArchazolidB";"H89";"CyclosporinA";"Cytochalasin";"ArchazolidB";"CyclosporinA";"Myriaporone";"Alsterpaullone";"Amanitin";"CyclosporinA";"ArchazolidB";"PurvalanolA";"Anisomycin";"Alsterpaullone";"Staurosporine";"Puromycin";"CCCP";"Mevastatin";"CyclosporinA";"CyclosporinA";"Anisomycin";"Podophyllotoxin";"Simvastatin";"H89";"H89";"Myriaporone";"Myriaporone";"Mevastatin";"Staurosporine";"H89"
"51";"50";"LY294002";"H89";"Staurosporine";"Staurosporine";"Puromycin";"Staurosporine";"PurvalanolA";"Aphidicolin";"GephyronicAcidA";"Anisomycin";"Mevastatin";"Anisomycin";"ArchazolidB";"Aphidicolin";"GephyronicAcidA";"Trichostatin";"Mevastatin";"Cycloheximide";"Trichostatin";"Anisomycin";"Trichostatin";"Simvastatin";"Mevastatin";"Mevastatin";"Mevastatin";"Mevastatin";"Myriaporone";"CyclosporinA";"Apicidin";"ArchazolidB";"Puromycin";"Alsterpaullone";"Mevastatin";"ChondramidC";"H89";"Mevastatin";"Simvastatin";"H89";"Staurosporine";"H89";"Staurosporine";"Rhizopodin";"Alsterpaullone";"Apicidin";"Mevastatin";"Simvastatin";"A23187";"H89";"Puromycin";"LY294002";"LY294002";"Alsterpaullone";"Puromycin";"Amanitin";"Simvastatin";"Apicidin";"H89";"Cycloheximide";"Mevastatin";"A23187"
"52";"51";"Wortmannin";"CyclosporinA";"Mevastatin";"Trichostatin";"ArchazolidB";"Mevastatin";"Staurosporine";"Alsterpaullone";"Chelerythrine";"Myriaporone";"Staurosporine";"H89";"Alsterpaullone";"Amanitin";"Amanitin";"PurvalanolA";"Simvastatin";"Simvastatin";"Puromycin";"Alsterpaullone";"Puromycin";"ArchazolidB";"Simvastatin";"Simvastatin";"Staurosporine";"Staurosporine";"CyclosporinA";"Mevastatin";"Amanitin";"CyclosporinA";"Staurosporine";"LY294002";"Staurosporine";"CyclosporinA";"Podophyllotoxin";"ArchazolidB";"Cycloheximide";"Anisomycin";"Cycloheximide";"Puromycin";"Mevastatin";"Mevastatin";"Apicidin";"Podophyllotoxin";"Simvastatin";"CyclosporinA";"Trichostatin";"Simvastatin";"LY294002";"Puromycin";"Apicidin";"LY294002";"CyclosporinA";"Alsterpaullone";"CyclosporinA";"Alsterpaullone";"CyclosporinA";"Simvastatin";"Puromycin";"Simvastatin"
"53";"52";"Amanitin";"Cycloheximide";"Rhizopodin";"Mevastatin";"Staurosporine";"Rhizopodin";"Mevastatin";"Amanitin";"H89";"Amanitin";"CyclosporinA";"Amanitin";"Amanitin";"Alsterpaullone";"Alsterpaullone";"Staurosporine";"Rhizopodin";"Staurosporine";"ArchazolidB";"Podophyllotoxin";"ArchazolidB";"Amanitin";"Puromycin";"CyclosporinA";"CyclosporinA";"Simvastatin";"Puromycin";"ArchazolidB";"Myriaporone";"Mevastatin";"CyclosporinA";"Amanitin";"ArchazolidB";"Mevastatin";"Amanitin";"Staurosporine";"CyclosporinA";"Apicularen";"Simvastatin";"LY294002";"CyclosporinA";"ChondramidC";"Podophyllotoxin";"Amanitin";"ChondramidC";"H89";"Mevastatin";"CyclosporinA";"Cycloheximide";"Cycloheximide";"Amanitin";"Amanitin";"H89";"LY294002";"Cycloheximide";"Anisomycin";"Puromycin";"CyclosporinA";"Simvastatin";"Rhizopodin"
"54";"53";"Cycloheximide";"Puromycin";"Simvastatin";"Simvastatin";"Mevastatin";"Puromycin";"Cytochalasin";"Apicidin";"LY294002";"Apicularen";"Simvastatin";"Cycloheximide";"Cycloheximide";"Apicidin";"Apicidin";"Mevastatin";"CyclosporinA";"ArchazolidB";"CyclosporinA";"Apicidin";"CyclosporinA";"Cycloheximide";"CyclosporinA";"ChondramidC";"Simvastatin";"ArchazolidB";"Cycloheximide";"Simvastatin";"Apicularen";"Simvastatin";"Simvastatin";"Apicidin";"Simvastatin";"ArchazolidB";"Cycloheximide";"Simvastatin";"Puromycin";"Amanitin";"ArchazolidB";"Cycloheximide";"Simvastatin";"Simvastatin";"Cycloheximide";"Cycloheximide";"Rhizopodin";"Cycloheximide";"PurvalanolA";"Puromycin";"H89";"H89";"Cycloheximide";"Apicidin";"Cycloheximide";"Apicidin";"Puromycin";"Amanitin";"Cycloheximide";"Puromycin";"CyclosporinA";"CyclosporinA"
"55";"54";"Apicularen";"Rhizopodin";"Puromycin";"Puromycin";"CyclosporinA";"Simvastatin";"Simvastatin";"Myriaporone";"Anisomycin";"Cycloheximide";"ChondramidC";"Apicularen";"Apicularen";"Anisomycin";"Myriaporone";"Simvastatin";"Puromycin";"Apicularen";"Mevastatin";"Chelerythrine";"Mevastatin";"Apicularen";"Rhizopodin";"Puromycin";"ChondramidC";"ChondramidC";"Apicularen";"Rhizopodin";"Cycloheximide";"ChondramidC";"ChondramidC";"Myriaporone";"ChondramidC";"Staurosporine";"Apicularen";"ChondramidC";"Rhizopodin";"Cycloheximide";"Apicularen";"Apicularen";"ChondramidC";"CyclosporinA";"Amanitin";"Apicularen";"Puromycin";"Apicularen";"Simvastatin";"Rhizopodin";"Apicularen";"Apicularen";"Apicularen";"Myriaporone";"Apicularen";"Anisomycin";"Rhizopodin";"Cerulenin";"Rhizopodin";"Rhizopodin";"ChondramidC";"Puromycin"
"56";"55";"Cerulenin";"Apicularen";"CyclosporinA";"CyclosporinA";"Rhizopodin";"CyclosporinA";"Puromycin";"Anisomycin";"Myriaporone";"Cerulenin";"Rhizopodin";"Cerulenin";"Cerulenin";"Myriaporone";"Anisomycin";"Puromycin";"ChondramidC";"ChondramidC";"Staurosporine";"Amanitin";"Staurosporine";"ChondramidC";"ChondramidC";"Rhizopodin";"Rhizopodin";"Cytochalasin";"Rhizopodin";"ChondramidC";"Cerulenin";"Cytochalasin";"Rhizopodin";"Anisomycin";"Rhizopodin";"Simvastatin";"Cerulenin";"Cytochalasin";"ChondramidC";"Cerulenin";"ChondramidC";"Rhizopodin";"Rhizopodin";"Puromycin";"Cerulenin";"Cerulenin";"CyclosporinA";"ChondramidC";"CyclosporinA";"ChondramidC";"ChondramidC";"ChondramidC";"Cerulenin";"Anisomycin";"ChondramidC";"Myriaporone";"Apicularen";"Cycloheximide";"Apicularen";"ChondramidC";"Rhizopodin";"ChondramidC"
"57";"56";"Chelerythrine";"ChondramidC";"Cytochalasin";"Cytochalasin";"Simvastatin";"Cytochalasin";"CyclosporinA";"Cycloheximide";"Cycloheximide";"Chelerythrine";"Cytochalasin";"Chelerythrine";"Chelerythrine";"Cycloheximide";"Cycloheximide";"CyclosporinA";"Cytochalasin";"Rhizopodin";"Simvastatin";"Cycloheximide";"Simvastatin";"Cerulenin";"Apicularen";"Cytochalasin";"Cytochalasin";"Rhizopodin";"Cerulenin";"Apicularen";"Chelerythrine";"Rhizopodin";"Cytochalasin";"Cycloheximide";"Cytochalasin";"Rhizopodin";"ChondramidC";"Rhizopodin";"Apicularen";"Chelerythrine";"Rhizopodin";"Cerulenin";"Cytochalasin";"Cytochalasin";"Chelerythrine";"Chelerythrine";"Cytochalasin";"Rhizopodin";"Puromycin";"Apicularen";"Rhizopodin";"Rhizopodin";"Chelerythrine";"Cycloheximide";"Rhizopodin";"Cycloheximide";"ChondramidC";"Chelerythrine";"ChondramidC";"Apicularen";"Cytochalasin";"Apicularen"
"58";"57";"ChondramidC";"Cerulenin";"Apicularen";"Apicularen";"Apicularen";"Apicularen";"Apicularen";"Rhizopodin";"Rhizopodin";"Rhizopodin";"Apicularen";"ChondramidC";"ChondramidC";"Rhizopodin";"Rhizopodin";"Apicularen";"Apicularen";"Cerulenin";"Apicularen";"ChondramidC";"Apicularen";"Rhizopodin";"Cytochalasin";"Apicularen";"Apicularen";"Apicularen";"ChondramidC";"Cytochalasin";"Rhizopodin";"Apicularen";"Apicularen";"Rhizopodin";"Apicularen";"Apicularen";"Rhizopodin";"Apicularen";"Cerulenin";"ChondramidC";"Cerulenin";"ChondramidC";"Apicularen";"Apicularen";"ChondramidC";"ChondramidC";"Apicularen";"Cerulenin";"Apicularen";"Cytochalasin";"Cerulenin";"Cerulenin";"Rhizopodin";"Rhizopodin";"Cerulenin";"Rhizopodin";"Cerulenin";"Rhizopodin";"Cerulenin";"Cerulenin";"Apicularen";"Cytochalasin"
"59";"58";"Rhizopodin";"Chelerythrine";"Cerulenin";"Cerulenin";"Cerulenin";"Cerulenin";"Cerulenin";"ChondramidC";"ChondramidC";"ChondramidC";"Cerulenin";"Rhizopodin";"Rhizopodin";"ChondramidC";"ChondramidC";"Cerulenin";"Cerulenin";"Cytochalasin";"Cerulenin";"Rhizopodin";"Cerulenin";"Cytochalasin";"Cerulenin";"Cerulenin";"Cerulenin";"Cerulenin";"Chelerythrine";"Cerulenin";"ChondramidC";"Cerulenin";"Cerulenin";"ChondramidC";"Cerulenin";"Cerulenin";"Chelerythrine";"Cerulenin";"Chelerythrine";"Rhizopodin";"Cytochalasin";"Chelerythrine";"Cerulenin";"Cerulenin";"Cytochalasin";"Rhizopodin";"Cerulenin";"Cytochalasin";"Chelerythrine";"Cerulenin";"Chelerythrine";"Cytochalasin";"ChondramidC";"ChondramidC";"Chelerythrine";"ChondramidC";"Chelerythrine";"ChondramidC";"Chelerythrine";"Cytochalasin";"Cerulenin";"Cerulenin"
"60";"59";"Cytochalasin";"Cytochalasin";"Chelerythrine";"Chelerythrine";"Chelerythrine";"Chelerythrine";"Chelerythrine";"Cytochalasin";"Cytochalasin";"Cytochalasin";"Chelerythrine";"Cytochalasin";"Cytochalasin";"Cytochalasin";"Cytochalasin";"Chelerythrine";"Chelerythrine";"Chelerythrine";"Chelerythrine";"Cytochalasin";"Chelerythrine";"Chelerythrine";"Chelerythrine";"Chelerythrine";"Chelerythrine";"Chelerythrine";"Cytochalasin";"Chelerythrine";"Cytochalasin";"Chelerythrine";"Chelerythrine";"Cytochalasin";"Chelerythrine";"Chelerythrine";"Cytochalasin";"Chelerythrine";"Cytochalasin";"Cytochalasin";"Chelerythrine";"Cytochalasin";"Chelerythrine";"Chelerythrine";"Rhizopodin";"Cytochalasin";"Chelerythrine";"Chelerythrine";"Cerulenin";"Chelerythrine";"Cytochalasin";"Chelerythrine";"Cytochalasin";"Cytochalasin";"Cytochalasin";"Cytochalasin";"Cytochalasin";"Cytochalasin";"Cytochalasin";"Chelerythrine";"Chelerythrine";"Chelerythrine"
